<?xml version="1.0" encoding="UTF-8"?><rss version="2.0"
	xmlns:content="http://purl.org/rss/1.0/modules/content/"
	xmlns:wfw="http://wellformedweb.org/CommentAPI/"
	xmlns:dc="http://purl.org/dc/elements/1.1/"
	xmlns:atom="http://www.w3.org/2005/Atom"
	xmlns:sy="http://purl.org/rss/1.0/modules/syndication/"
	xmlns:slash="http://purl.org/rss/1.0/modules/slash/"
	>

<channel>
	<title>独立项目 &#8211; Tech Hub</title>
	<atom:link href="/index.php/category/other/feed/" rel="self" type="application/rss+xml" />
	<link></link>
	<description>APP/软件开发、SEO搜索、广告营销</description>
	<lastBuildDate>Thu, 27 Jul 2023 02:44:13 +0000</lastBuildDate>
	<language>en-US</language>
	<sy:updatePeriod>
	hourly	</sy:updatePeriod>
	<sy:updateFrequency>
	1	</sy:updateFrequency>
	<generator>https://wordpress.org/?v=6.2.2</generator>

<image>
	<url>/wp-content/uploads/2023/07/logo11-150x150.png</url>
	<title>独立项目 &#8211; Tech Hub</title>
	<link></link>
	<width>32</width>
	<height>32</height>
</image> 
	<item>
		<title>员工管理排课系统</title>
		<link>/index.php/2023/07/27/arrange/</link>
		
		<dc:creator><![CDATA[bleve]]></dc:creator>
		<pubDate>Thu, 27 Jul 2023 02:42:05 +0000</pubDate>
				<category><![CDATA[独立项目]]></category>
		<guid isPermaLink="false">/?p=380</guid>

					<description><![CDATA[项目介绍：员工管理排课系统是一款专为公司内部管理设计的在线排课工具。该系统的核心目标是为员工提供一个简单、高效和灵活的课程安排平台，系统还能够自动警告课程冲突，避免员工因为时间安排问题而错过重要的课程。]]></description>
										<content:encoded><![CDATA[
<p><strong>项目介绍：</strong>员工管理排课系统是一款专为公司内部管理设计的在线排课工具。该系统的核心目标是为员工提供一个简单、高效和灵活的课程安排平台，系统还能够自动警告课程冲突，避免员工因为时间安排问题而错过重要的课程。</p>



<p></p>



<span id="more-380"></span>
]]></content:encoded>
					
		
		
			</item>
		<item>
		<title>排班系统</title>
		<link>/index.php/2020/01/01/sys-staffm/</link>
		
		<dc:creator><![CDATA[bleve]]></dc:creator>
		<pubDate>Wed, 01 Jan 2020 00:53:03 +0000</pubDate>
				<category><![CDATA[独立项目]]></category>
		<guid isPermaLink="false">/?p=373</guid>

					<description><![CDATA[项目介绍：员工排班系统是一种用于管理和安排员工工作时间表的软件或工具。它被广泛应用于各种组织和行业，包括零售、餐饮、医疗、制造等。该系统旨在简化和优化排班过程，提高工作效率和员工满意度。]]></description>
										<content:encoded><![CDATA[
<p><strong>项目介绍：</strong>员工排班系统是一种用于管理和安排员工工作时间表的软件或工具。它被广泛应用于各种组织和行业，包括零售、餐饮、医疗、制造等。该系统旨在简化和优化排班过程，提高工作效率和员工满意度。</p>



<span id="more-373"></span>
]]></content:encoded>
					
		
		
			</item>
	</channel>
</rss>
