<?xml version="1.0" encoding="UTF-8"?><rss version="2.0"
	xmlns:content="http://purl.org/rss/1.0/modules/content/"
	xmlns:wfw="http://wellformedweb.org/CommentAPI/"
	xmlns:dc="http://purl.org/dc/elements/1.1/"
	xmlns:atom="http://www.w3.org/2005/Atom"
	xmlns:sy="http://purl.org/rss/1.0/modules/syndication/"
	xmlns:slash="http://purl.org/rss/1.0/modules/slash/"
	>

<channel>
	<title>Web网站 &#8211; Tech Hub</title>
	<atom:link href="/index.php/category/web/feed/" rel="self" type="application/rss+xml" />
	<link></link>
	<description>APP/软件开发、SEO搜索、广告营销</description>
	<lastBuildDate>Wed, 26 Jul 2023 07:51:20 +0000</lastBuildDate>
	<language>en-US</language>
	<sy:updatePeriod>
	hourly	</sy:updatePeriod>
	<sy:updateFrequency>
	1	</sy:updateFrequency>
	<generator>https://wordpress.org/?v=6.2.2</generator>

<image>
	<url>/wp-content/uploads/2023/07/logo11-150x150.png</url>
	<title>Web网站 &#8211; Tech Hub</title>
	<link></link>
	<width>32</width>
	<height>32</height>
</image> 
	<item>
		<title>GPT 国内直连</title>
		<link>/index.php/2023/07/26/gpt-%e5%9b%bd%e5%86%85%e7%9b%b4%e8%bf%9e/</link>
					<comments>/index.php/2023/07/26/gpt-%e5%9b%bd%e5%86%85%e7%9b%b4%e8%bf%9e/#respond</comments>
		
		<dc:creator><![CDATA[bleve]]></dc:creator>
		<pubDate>Wed, 26 Jul 2023 07:47:31 +0000</pubDate>
				<category><![CDATA[Web网站]]></category>
		<guid isPermaLink="false">/?p=364</guid>

					<description><![CDATA[项目介绍：GPT 国内直连项目，允许国内用户通过购买账户就可以直接与GPT沟通，无需代理连接。 访问项目：https://www.aiopenaichat.top/]]></description>
										<content:encoded><![CDATA[
<p><strong>项目介绍：</strong>GPT 国内直连项目，允许国内用户通过购买账户就可以直接与GPT沟通，无需代理连接。</p>



<p><strong>访问项目：</strong><a href="https://www.aiopenaichat.top/">https://www.aiopenaichat.top/</a></p>



<span id="more-364"></span>
]]></content:encoded>
					
					<wfw:commentRss>/index.php/2023/07/26/gpt-%e5%9b%bd%e5%86%85%e7%9b%b4%e8%bf%9e/feed/</wfw:commentRss>
			<slash:comments>0</slash:comments>
		
		
			</item>
		<item>
		<title>北美集运</title>
		<link>/index.php/2020/01/12/beimeijiyun/</link>
		
		<dc:creator><![CDATA[bleve]]></dc:creator>
		<pubDate>Sun, 12 Jan 2020 16:31:42 +0000</pubDate>
				<category><![CDATA[Web网站]]></category>
		<guid isPermaLink="false">https://demo.themeansar.com/newsup/lite/?p=34</guid>

					<description><![CDATA[项目介绍：北美集运，是一家专业的为在美华人提供物流服务提供商。本项目为单页展示网站，是一种简洁而高效的企业信息介绍方式。 访问项目： http://zelensky184.shop/]]></description>
										<content:encoded><![CDATA[
<p><strong>项目介绍：</strong>北美集运，是一家专业的为在美华人提供物流服务提供商。本项目为单页展示网站，是一种简洁而高效的企业信息介绍方式。</p>



<p class="has-text-align-left"><strong>访问项目： </strong><a href="http://zelensky184.shop/">http://zelensky184.shop/</a> </p>



<span id="more-34"></span>



<p></p>
]]></content:encoded>
					
		
		
			</item>
	</channel>
</rss>
