<?xml version="1.0" encoding="UTF-8"?><rss version="2.0"
	xmlns:content="http://purl.org/rss/1.0/modules/content/"
	xmlns:wfw="http://wellformedweb.org/CommentAPI/"
	xmlns:dc="http://purl.org/dc/elements/1.1/"
	xmlns:atom="http://www.w3.org/2005/Atom"
	xmlns:sy="http://purl.org/rss/1.0/modules/syndication/"
	xmlns:slash="http://purl.org/rss/1.0/modules/slash/"
	>

<channel>
	<title>Tech Hub</title>
	<atom:link href="/index.php/feed/" rel="self" type="application/rss+xml" />
	<link></link>
	<description>APP/软件开发、SEO搜索、广告营销</description>
	<lastBuildDate>Thu, 27 Jul 2023 02:44:13 +0000</lastBuildDate>
	<language>en-US</language>
	<sy:updatePeriod>
	hourly	</sy:updatePeriod>
	<sy:updateFrequency>
	1	</sy:updateFrequency>
	<generator>https://wordpress.org/?v=6.2.2</generator>

<image>
	<url>/wp-content/uploads/2023/07/logo11-150x150.png</url>
	<title>Tech Hub</title>
	<link></link>
	<width>32</width>
	<height>32</height>
</image> 
	<item>
		<title>员工管理排课系统</title>
		<link>/index.php/2023/07/27/arrange/</link>
		
		<dc:creator><![CDATA[bleve]]></dc:creator>
		<pubDate>Thu, 27 Jul 2023 02:42:05 +0000</pubDate>
				<category><![CDATA[独立项目]]></category>
		<guid isPermaLink="false">/?p=380</guid>

					<description><![CDATA[项目介绍：员工管理排课系统是一款专为公司内部管理设计的在线排课工具。该系统的核心目标是为员工提供一个简单、高效和灵活的课程安排平台，系统还能够自动警告课程冲突，避免员工因为时间安排问题而错过重要的课程。]]></description>
										<content:encoded><![CDATA[
<p><strong>项目介绍：</strong>员工管理排课系统是一款专为公司内部管理设计的在线排课工具。该系统的核心目标是为员工提供一个简单、高效和灵活的课程安排平台，系统还能够自动警告课程冲突，避免员工因为时间安排问题而错过重要的课程。</p>



<p></p>



<span id="more-380"></span>
]]></content:encoded>
					
		
		
			</item>
		<item>
		<title>GPT 国内直连</title>
		<link>/index.php/2023/07/26/gpt-%e5%9b%bd%e5%86%85%e7%9b%b4%e8%bf%9e/</link>
					<comments>/index.php/2023/07/26/gpt-%e5%9b%bd%e5%86%85%e7%9b%b4%e8%bf%9e/#respond</comments>
		
		<dc:creator><![CDATA[bleve]]></dc:creator>
		<pubDate>Wed, 26 Jul 2023 07:47:31 +0000</pubDate>
				<category><![CDATA[Web网站]]></category>
		<guid isPermaLink="false">/?p=364</guid>

					<description><![CDATA[项目介绍：GPT 国内直连项目，允许国内用户通过购买账户就可以直接与GPT沟通，无需代理连接。 访问项目：https://www.aiopenaichat.top/]]></description>
										<content:encoded><![CDATA[
<p><strong>项目介绍：</strong>GPT 国内直连项目，允许国内用户通过购买账户就可以直接与GPT沟通，无需代理连接。</p>



<p><strong>访问项目：</strong><a href="https://www.aiopenaichat.top/">https://www.aiopenaichat.top/</a></p>



<span id="more-364"></span>
]]></content:encoded>
					
					<wfw:commentRss>/index.php/2023/07/26/gpt-%e5%9b%bd%e5%86%85%e7%9b%b4%e8%bf%9e/feed/</wfw:commentRss>
			<slash:comments>0</slash:comments>
		
		
			</item>
		<item>
		<title>Hula APP 呼啦圈</title>
		<link>/index.php/2023/07/26/hula-app/</link>
		
		<dc:creator><![CDATA[bleve]]></dc:creator>
		<pubDate>Wed, 26 Jul 2023 07:26:59 +0000</pubDate>
				<category><![CDATA[APP]]></category>
		<guid isPermaLink="false">/?p=357</guid>

					<description><![CDATA[项目介绍：Pacific Asian 爱客多，致力于将亚洲好货带到澳洲。通过线下实体店和线上购物APP结合的形式打造社区化的一站式新零售体验中心，用科技和服务让大家的生活更加便利。 访问项目：]]></description>
										<content:encoded><![CDATA[
<p><strong>项目介绍：</strong>Pacific Asian 爱客多，致力于将亚洲好货带到澳洲。通过线下实体店和线上购物APP结合的形式打造社区化的一站式新零售体验中心，用科技和服务让大家的生活更加便利。</p>



<p><strong>访问项目：</strong></p>



<ul>
<li>IOS商店：<a href="https://apps.apple.com/cn/app/hula%E5%91%BC%E5%95%A6%E5%9C%88/id1517327417">https://apps.apple.com/cn/app/hula%E5%91%BC%E5%95%A6%E5%9C%88/id1517327417</a></li>



<li>官网：<a href="http://www.hulacircle.com/">http://www.hulacircle.com/</a></li>
</ul>



<p></p>



<span id="more-357"></span>
]]></content:encoded>
					
		
		
			</item>
		<item>
		<title>Freshgo 农夫生鲜</title>
		<link>/index.php/2023/07/12/freshgo/</link>
		
		<dc:creator><![CDATA[bleve]]></dc:creator>
		<pubDate>Wed, 12 Jul 2023 16:39:33 +0000</pubDate>
				<category><![CDATA[小程序]]></category>
		<guid isPermaLink="false">https://demo.themeansar.com/newsup/lite/?p=44</guid>

					<description><![CDATA[项目介绍：Freshgo 农夫生鲜，是一家为墨尔本华人提供生鲜蔬菜的网上点单及配送服务的公司。本项目包含小程序客户端和后台订单、商品管理系统。 访问项目：微信内搜索小程序 “freshgo农夫生鲜” 或扫描下方小程序二维码]]></description>
										<content:encoded><![CDATA[
<p><strong>项目介绍：</strong>Freshgo 农夫生鲜，是一家为墨尔本华人提供生鲜蔬菜的网上点单及配送服务的公司。本项目包含小程序客户端和后台订单、商品管理系统。</p>



<p><strong>访问项目：</strong>微信内搜索小程序 “freshgo农夫生鲜” 或扫描下方小程序二维码</p>


<div class="wp-block-image">
<figure class="aligncenter size-full is-resized"><img decoding="async" src="/wp-content/uploads/2023/07/2-2.jpg" alt="" class="wp-image-296" width="258" height="258" srcset="/wp-content/uploads/2023/07/2-2.jpg 258w, /wp-content/uploads/2023/07/2-2-150x150.jpg 150w" sizes="(max-width: 258px) 100vw, 258px" /></figure></div>


<span id="more-44"></span>
]]></content:encoded>
					
		
		
			</item>
		<item>
		<title>Pacific Asian 爱客多</title>
		<link>/index.php/2023/01/12/pacific_asian/</link>
		
		<dc:creator><![CDATA[bleve]]></dc:creator>
		<pubDate>Thu, 12 Jan 2023 16:22:56 +0000</pubDate>
				<category><![CDATA[APP]]></category>
		<guid isPermaLink="false">https://demo.themeansar.com/newsup/lite/?p=20</guid>

					<description><![CDATA[项目介绍：Pacific Asian 爱客多，致力于将亚洲好货带到澳洲。通过线下实体店和线上购物APP结合的形式打造社区化的一站式新零售体验中心，用科技和服务让大家的生活更加便利。 访问项目：]]></description>
										<content:encoded><![CDATA[
<p><strong>项目介绍：</strong>Pacific Asian 爱客多，致力于将亚洲好货带到澳洲。通过线下实体店和线上购物APP结合的形式打造社区化的一站式新零售体验中心，用科技和服务让大家的生活更加便利。</p>



<p><strong>访问项目：</strong></p>



<ul>
<li>IOS商店：<a href="https://apps.apple.com/au/app/%E7%88%B1%E5%AE%A2%E5%A4%9A-%E4%B8%80%E7%AB%99%E5%BC%8F%E7%BA%BF%E4%B8%8A%E8%B6%85%E5%B8%82/id1642266554">https://apps.apple.com/au/app/%E7%88%B1%E5%AE%A2%E5%A4%9A-%E4%B8%80%E7%AB%99%E5%BC%8F%E7%BA%BF%E4%B8%8A%E8%B6%85%E5%B8%82/id1642266554</a></li>



<li>安卓google商店：<a href="https://play.google.com/store/apps/details?id=com.grouppacificasian.aikeduo.shop&amp;pli=1">https://play.google.com/store/apps/details?id=com.grouppacificasian.aikeduo.shop&amp;pli=1</a></li>



<li>官网主页：<a href="https://pacificasiangroup.com/%e4%b8%8b%e8%bd%bdapp/">https://pacificasiangroup.com/%e4%b8%8b%e8%bd%bdapp/</a></li>
</ul>



<span id="more-105"></span>
]]></content:encoded>
					
		
		
			</item>
		<item>
		<title>Hula 呼啦圈</title>
		<link>/index.php/2020/01/12/hula/</link>
		
		<dc:creator><![CDATA[bleve]]></dc:creator>
		<pubDate>Sun, 12 Jan 2020 16:35:38 +0000</pubDate>
				<category><![CDATA[小程序]]></category>
		<guid isPermaLink="false">https://demo.themeansar.com/newsup/lite/?p=40</guid>

					<description><![CDATA[项目介绍：Hula 呼啦圈，是一家专注于提供留学生生活服务的平台，致力于为留学生提供闲置、租房、招聘的支持和便利，让他们在异国他乡的生活更加轻松和愉快。 访问项目：微信内搜索小程序 “Hula 呼啦圈” 或扫描下方小程序二维码]]></description>
										<content:encoded><![CDATA[
<p><strong>项目介绍：</strong>Hula 呼啦圈，是一家专注于提供留学生生活服务的平台，致力于为留学生提供闲置、租房、招聘的支持和便利，让他们在异国他乡的生活更加轻松和愉快。</p>



<p><strong>访问项目：</strong>微信内搜索小程序 “Hula 呼啦圈” 或扫描下方小程序二维码</p>


<div class="wp-block-image">
<figure class="aligncenter size-full"><img decoding="async" loading="lazy" width="430" height="430" src="/wp-content/uploads/2023/07/4.png" alt="" class="wp-image-314" srcset="/wp-content/uploads/2023/07/4.png 430w, /wp-content/uploads/2023/07/4-300x300.png 300w, /wp-content/uploads/2023/07/4-150x150.png 150w" sizes="(max-width: 430px) 100vw, 430px" /></figure></div>


<span id="more-40"></span>



<p></p>



<p></p>
]]></content:encoded>
					
		
		
			</item>
		<item>
		<title>Top 家具家电</title>
		<link>/index.php/2020/01/12/top-shop/</link>
		
		<dc:creator><![CDATA[bleve]]></dc:creator>
		<pubDate>Sun, 12 Jan 2020 16:34:38 +0000</pubDate>
				<category><![CDATA[小程序]]></category>
		<guid isPermaLink="false">https://demo.themeansar.com/newsup/lite/?p=38</guid>

					<description><![CDATA[项目介绍：Top家具家电，是一家专门为留学生在澳洲提供家具和家电销售及配送安装服务的公司，无论是全新的还是二手的家具都可以在平台上买到，以满足在澳留学生的居住需求。 访问项目：微信内搜索小程序 “Top 家具家电” 或扫描下方小程序二维码]]></description>
										<content:encoded><![CDATA[
<p><strong>项目介绍：</strong>Top家具家电，是一家专门为留学生在澳洲提供家具和家电销售及配送安装服务的公司，无论是全新的还是二手的家具都可以在平台上买到，以满足在澳留学生的居住需求。</p>



<p><strong>访问项目：</strong>微信内搜索小程序 “Top 家具家电” 或扫描下方小程序二维码</p>


<div class="wp-block-image">
<figure class="aligncenter size-full"><img decoding="async" loading="lazy" width="258" height="258" src="/wp-content/uploads/2023/07/5.jpg" alt="" class="wp-image-318" srcset="/wp-content/uploads/2023/07/5.jpg 258w, /wp-content/uploads/2023/07/5-150x150.jpg 150w" sizes="(max-width: 258px) 100vw, 258px" /></figure></div>


<span id="more-38"></span>



<p></p>



<p></p>
]]></content:encoded>
					
		
		
			</item>
		<item>
		<title>北美集运</title>
		<link>/index.php/2020/01/12/beimeijiyun/</link>
		
		<dc:creator><![CDATA[bleve]]></dc:creator>
		<pubDate>Sun, 12 Jan 2020 16:31:42 +0000</pubDate>
				<category><![CDATA[Web网站]]></category>
		<guid isPermaLink="false">https://demo.themeansar.com/newsup/lite/?p=34</guid>

					<description><![CDATA[项目介绍：北美集运，是一家专业的为在美华人提供物流服务提供商。本项目为单页展示网站，是一种简洁而高效的企业信息介绍方式。 访问项目： http://zelensky184.shop/]]></description>
										<content:encoded><![CDATA[
<p><strong>项目介绍：</strong>北美集运，是一家专业的为在美华人提供物流服务提供商。本项目为单页展示网站，是一种简洁而高效的企业信息介绍方式。</p>



<p class="has-text-align-left"><strong>访问项目： </strong><a href="http://zelensky184.shop/">http://zelensky184.shop/</a> </p>



<span id="more-34"></span>



<p></p>
]]></content:encoded>
					
		
		
			</item>
		<item>
		<title>Areal 澳睿地产</title>
		<link>/index.php/2020/01/12/areal/</link>
		
		<dc:creator><![CDATA[bleve]]></dc:creator>
		<pubDate>Sun, 12 Jan 2020 16:00:07 +0000</pubDate>
				<category><![CDATA[小程序]]></category>
		<guid isPermaLink="false">https://demo.themeansar.com/newsup/lite/?p=42</guid>

					<description><![CDATA[项目介绍：澳睿集团 (Areal Property) 致力于提供流和物业管理服务，协助在澳大利亚拥有投资物业的客户获得优秀的经济回报。 访问项目：微信内搜索小程序 “澳洲澳睿集团” （本项目为地产公司的小程序客户端，需账号密码登入方可查看大部分功能）]]></description>
										<content:encoded><![CDATA[
<p><strong>项目介绍：</strong>澳睿集团 (Areal Property) 致力于提供流和物业管理服务，协助在澳大利亚拥有投资物业的客户获得优秀的经济回报。</p>



<p><strong>访问项目：</strong>微信内搜索小程序 “澳洲澳睿集团” （本项目为地产公司的小程序客户端，需账号密码登入方可查看大部分功能）</p>



<span id="more-42"></span>



<p></p>



<p></p>



<p></p>
]]></content:encoded>
					
		
		
			</item>
		<item>
		<title>排班系统</title>
		<link>/index.php/2020/01/01/sys-staffm/</link>
		
		<dc:creator><![CDATA[bleve]]></dc:creator>
		<pubDate>Wed, 01 Jan 2020 00:53:03 +0000</pubDate>
				<category><![CDATA[独立项目]]></category>
		<guid isPermaLink="false">/?p=373</guid>

					<description><![CDATA[项目介绍：员工排班系统是一种用于管理和安排员工工作时间表的软件或工具。它被广泛应用于各种组织和行业，包括零售、餐饮、医疗、制造等。该系统旨在简化和优化排班过程，提高工作效率和员工满意度。]]></description>
										<content:encoded><![CDATA[
<p><strong>项目介绍：</strong>员工排班系统是一种用于管理和安排员工工作时间表的软件或工具。它被广泛应用于各种组织和行业，包括零售、餐饮、医疗、制造等。该系统旨在简化和优化排班过程，提高工作效率和员工满意度。</p>



<span id="more-373"></span>
]]></content:encoded>
					
		
		
			</item>
	</channel>
</rss>
